INSERT INTO `user_profile` (`userId`,`fullName`, `email`, `ps`,`userName`,`isDriver`,`avatarCode`) VALUES 
(1,'Ida Hallmark','illusion@naver.com','N7AbSD5X','stewypulsar',0,4),
(2,'Maxine Sample','race@pobox.com','L5dWr79S','analogywallow',1,9),
(3,'Enda Puzo','coin@speedy.com.ar','svCMu8hU','apertchico',1,5),
(4,'Cole French','reduction@voo.be','geTmb4Cc','claggainragged',0,3),
(5,'Consuelo Landreneau','smile@hush.com','tYunqgmY','sosparticles',0,2),
(6,'Sherill Brenes','bad@hotmail.com','E7YMr6yH','shandygaliath',1,2),
(7,'Natashia Spruill','opinion@hotmail.com.mx','nNtMa5Vk','clottundra',1,1),
(8,'Donnette Collelo','law@yahoo.co.uk','UfWUzKwQ','desktopplanet',0,0),
(9,'Jadwiga Dimond','residence@talktalk.co.uk','3f2zGnax','vaultingopencart',0,7),
(10,'Fermina Dauphinais','ward@safe-mail.net','q2FJSbbf','beaubirkdale',1,9),
(11,'Pedro Labrador','shot@sky.com','eqVGWXJR','acneidiot',1,1),
(12,'Doria Michalak','pick@ymail.com','m85XTwmm','calledpendulum',0,8),
(13,'Le Haverland','seem@virginmedia.com','4MSwKxdm','hilljake',0,4),
(14,'Zoila Scales','verdict@yahoo.co.kr','vv52vtYW','headerburdensome',0,0),
(15,'Phil Trahan','plant@free.fr','8qSHGhX5','prentoncar',1,7),
(16,'Anissa Valois','decay@naver.com','dXHB3mHT','competemellow',1,4),
(17,'Beau Spargo','center@hotmail.com','SWsbVAcA','growthedema',1,1),
(18,'Jonathan Rizo','season@fibertel.com.ar','eYKbPGgZ','quotientteeny',1,0),
(19,'Oscar Sarver','deer@hotmail.co.uk','cQn3HFBU','samariumclowder',1,6),
(20,'Robena Stauffer','integration@sky.com','Gwce7s8E','equcups',0,7),
(21,'Filiberto Stromain','uncle@sky.com','cZ85zkUy','vennbiotic',0,3),
(22,'Ezekiel Hylton','dghjk@aol.com','MfY7wyap','smallwhiting',1,2),
(23,'Shan Kintzel','grounds@hotmail.fr','7C5p2ets','joystickindirect',0,9),
(24,'Misha Diorio','provoke@uol.com.br','SFGtj4mm','ninjaclouted',1,8),
(25,'Ferdinand Hunsaker','maze@yahoo.com.sg','GXqTFUkG','portatonote',0,3),
(26,'Kam Laursen','panda@sfr.fr','7gfBrXFJ','elfcentral',1,8),
(27,'Gilberte Arroyo','comprehensive@ya.ru','PkJu9a5Z','petallawful',0,3),
(28,'Matthew Waring','state@telenet.be','LLUbZRE5','fossilasterisk',1,1),
(29,'Ellen Wilson','resignation@virgin.net','Dnabd4AG','voicelessbiddy',1,8),
(30,'Harmony Hackman','identification@hotmail.com','ZgugbYVN','carthench',1,1),
(31,'Ralph Pough','wisecrack@speedy.com.ar','36utCNNC','pixiedunlin',0,0),
(32,'Pauletta Mathieu','practical@facebook.com','m9v2MV56','clawsbeetle',0,9),
(33,'Muriel Spadoni','accompany@gmx.fr','KTMJknVy','inquirebuttermilk',0,0),
(34,'Keitha Hildreth','letter@hushmail.com','5GJ9WjTG','barkany',0,4),
(35,'Darla Peppler','broncosRock@oi.com.br','ph3wcCcJ','shaftcomment',0,8),
(36,'Clayton Slagle','access@hanmail.net','UQVrdM7p','clackamassolva',0,4),
(37,'Nadia Macarthur','tin@itelefonica.com.br','ThzVTaSE','expertsotis',1,7),
(38,'Elfreda Muench','employee@orange.net','E4fWZt7j','factordesktop',0,3),
(39,'Nola Burell','thread@ig.com.br','LYGeeNam','addlodge',1,6),
(40,'Justin Hull','betray@gmx.fr','kCCey6NC','cheerssmack',1,5),
(41,'Dwayne Lape','ash@sina.com','Qtbbcm66','uniforminfinity',0,4),
(42,'Cindi Tedder','duke@aol.com','JT8SX7SJ','suggestsskeletal',0,3),
(43,'Tracy Deshields','twitch@games.com','PuU28kXL','polomaya',1,6),
(44,'Yesenia Dewall','sample@hotmail.com','QAFNbrv6','oxfordnobody',0,8),
(45,'Sherwood Daulton','breast@online.de','m7zdWEDm','peppermintdefiant',0,5),
(46,'Stefan Provost','indoor@speedy.com.ar','8HMJbkvL','kitchenertyre',0,5),
(47,'Al Mcconnell','outer@orange.net','TEEmdeV5','meiniebay-bee',0,1),
(48,'Martine Benge','choke@verizon.net','9msS25Xm','affirmedpig',0,8),
(49,'Melba Carlberg','trick@live.com','PLwccKqL','oldbridgecaused',0,9),
(50,'Jillian Colletti','nightmare@daum.net','FZtWSWrV','worthwhilehex',0,8),
(51,'Olive Olenick','count@t-online.de','5xc8p8Ba','processeslupus',0,1),
(52,'Nia Liebel','interface@wow.com','awnxft2Y','crasseject',0,9),
(53,'Jann Geller','stand@gmx.net','THAcACQa','fannytemp',1,4),
(54,'Thomasena Strawder','angle@yahoo.co.kr','Wgdnxq2g','gristlyten',1,4),
(55,'Shasta Bourgoin','style@mac.com','csrNwNXy','crackedpussy',1,8),
(56,'Dessie Solum','pepper@t-online.de','pyHGDhK8','emphasizebacon',0,7),
(57,'Ranee Huse','elephant@cox.net','2YFLxnPK','moderatoaudi',0,3),
(58,'Lisabeth Hegland','scale@live.de','xD8GE4uP','intolerantassiniboine',1,0),
(59,'Ray Schreiber','gold@gmail.com','Qu7eppCu','cetefixed',1,8),
(60,'Lashay John','combination@fastmail.fm','UM7eMyNK','moleculewelsh',0,3),
(61,'Luke Hambright','qualified@mail.com','fYA7tGYG','spadeharmful',0,3),
(62,'Phyllis Konen','limited@bt.com','BexBanXB','roaringcheckers',1,7),
(63,'Maire Perdue','prize@msn.com','FN4Au6ka','swimmingmortar',1,4),
(64,'Tabitha Philbrook','reign@att.net','gxkCp39g','pooroare',0,9),
(65,'Angila Bargo','flow@hush.com','Brzbvkut','butterflyredpoll',1,0),
(66,'Leda Hubbert','cage@speedy.com.ar','rFs8B4Uw','enterprisethine',1,7),
(67,'Hyun Gamet','abundant@ygm.com','m8zkeTkc','sizzlingpoodle',0,2),
(68,'Afton Partridge','abolish@btinternet.com','rN8bT3b3','camaustrinus',1,9),
(69,'Porfirio Motton','restless@voo.be','cA7h38SC','noteusers',1,2),
(70,'Eileen Deering','chin@virginmedia.com','zJSa9eTF','vacuolelucrum',0,0),
(71,'Opal Trusty','pyramid@hotmail.com.ar','p2CuvUKh','bootlesshopeful',0,6),
(72,'April Notter','paralyzed@terra.com.br','evuDKFcD','monkeyclot',1,3),
(73,'Daniela Febus','integrated@yahoo.com.sg','G8kkAdNd','leidledreamer',0,7),
(74,'Kenyatta Perryman','hunting@nate.com','fqCXS7MN','puddleshopscotch',0,1),
(75,'Melida Ahrens','stab@charter.net','XGBdmaxj','trustyasset',0,7),
(76,'Jose Liller','nuclear@wanadoo.fr','xRYwPXVv','shantouearthy',0,4),
(77,'Betsy Gullatt','even@blueyonder.co.uk','XauQ4GLU','namakanicki',1,0),
(78,'Kurt Rodi','burst@ymail.com','TdCbrxCX','ibmerring',1,7),
(79,'Delbert Gulyas','lot@ntlworld.com','GDK7Xe6H','buildmica',0,7),
(80,'Claris Kottke','disappoint@msn.com','VUDQgywh','fernflan',1,8),
(81,'Elisabeth Ellinger','cheek@icloud.com','bek3pCfE','julybean',1,0),
(82,'Suzan Maricle','lighter@bellsouth.net','4SHQMR4W','twiddlingbloody',0,6),
(83,'Sherill Matthies','breed@orange.net','DCNMBFhP','alineturdiform',0,5),
(84,'Rosie Lowell','lineage@globo.com','UnhgpD22','whipstaffnibble',0,6),
(85,'Olene Labarbera','summit@r7.com','AxYNPEx6','bodykody',0,0),
(86,'Augustus Straker','redeem@bt.com','aJXs8V4c','treaslanelangley',0,7),
(87,'Cecelia Cauthen','happen@ygm.com','ZKTuALV3','unwittingguava',1,7),
(88,'Katheleen Kea','wear@yahoo.co.kr','DWzkvjX3','campbelltonnoddle',1,5),
(89,'Maudie Robinette','gene@ntlworld.com','Wp5tedkw','engineerbellhop',1,2),
(90,'Breann Mier','coverage@laposte.net','esepztYK','mindlesscheesey',0,0),
(91,'Meta Fullenwider','squeeze@yahoo.de','WWKX2CjT','albanianbaseball',0,2),
(92,'Camilla Bellman','scenario@skynet.be','nDZvcCuU','snazzycase',1,2),
(93,'Wilmer Marble','linear@uol.com.br','mGJS7LTt','letstasha',0,2),
(94,'Andrew Falkner','embark@yahoo.co.id','dtHhep4x','phalanxteifi',0,3),
(95,'Lawanda Hartwell','producer@t-online.de','mdHaxd4K','suspecttee',0,8),
(96,'Jaquelyn Zahradnik','silver@yahoo.co.id','MHycRnbp','cloverdapper',1,7),
(97,'Ivelisse Flecha','equal@hotmail.co.uk','DaTDnydB','lolcatpomorla',0,6),
(98,'Sierra Mosquera','peanut@hotmail.fr','Rfhkm2gJ','bellatrixleeds',0,4),
(99,'Jacelyn Irwin','wheel@cox.net','xGD9aJPF','inventorysweetcorn',1,7),
(100,'Dulcie Brizendine','mutter@telenet.be','YfdTV5qb','mississippieli',1,5);

INSERT INTO `user_contact` (`userId`, `city`, `state`,`zipCode`,`phone`) VALUES
(1,'Agate','CO','80101','3032645931'),
(2,'Aguilar','CO','81020','3039985201'),
(3,'Akron','CO','80720','3033255990'),
(4,'Alamosa','CO','81101','3039004025'),
(5,'Allenspark','CO','80510','3034781932'),
(6,'Allison','CO','81137','3038666303'),
(7,'Alma','CO','80420','3036966225'),
(8,'Almont','CO','81210','3038007132'),
(9,'Alpine','CO','81154','3031786580'),
(10,'Alpine Village','CO','81236','3035759649'),
(11,'Amherst','CO','80721','3037483437'),
(12,'Antlers','CO','81650','3035164789'),
(13,'Anton','CO','80801','3036454832'),
(14,'Antonito','CO','81120','3035361641'),
(15,'Appleton','CO','81505','3033232868'),
(16,'Aqua Ramon','CO','81132','3037517261'),
(17,'Arapahoe','CO','80802','3031965036'),
(18,'Arapahoe','CO','80166','3038224581'),
(19,'Arboles','CO','81121','3032960302'),
(20,'Arickaree','CO','80801','3034047112'),
(21,'Denver','CO','81034','3037900488'),
(22,'Arlington','CO','81021','3036565030'),
(23,'Aroya','CO','80862','3035693167'),
(24,'Arriba','CO','80804','3038890941'),
(25,'Arriola','CO','81321','3034910447'),
(26,'Arvada','CO','80001','3031751029'),
(27,'Aspen','CO','81611','3037506764'),
(28,'Aspen Gerbaz','CO','81611','3038223082'),
(29,'Aspen Park','CO','80433','3034226219'),
(30,'Atwood','CO','80722','3035847414'),
(31,'Ault','CO','80610','3031303561'),
(32,'Aurora','CO','80010','3038142367'),
(33,'Austin','CO','81410','3036452133'),
(34,'Avon','CO','81620','3038418572'),
(35,'Avondale','CO','81022','3033663938'),
(36,'Axel','CO','81641','3032931805'),
(37,'Bailey','CO','80421','3034944339'),
(38,'Baldwin','CO','81230','3035320140'),
(39,'Bank Of America','CO','80252','3039388066'),
(40,'Barton','CO','81041','3031709521'),
(41,'Basalt','CO','81621','3032150111'),
(42,'Battlement Mesa','CO','81635','3032528016'),
(43,'Baxter','CO','81006','3032266623'),
(44,'Baxterville','CO','81132','3038497716'),
(45,'Bayfield','CO','81122','3038207357'),
(46,'Bear Mine','CO','81434','3033590088'),
(47,'Beaver Creek','CO','81620','3037933234'),
(48,'Bedrock','CO','81411','3037024712'),
(49,'Belle Plain','CO','81001','3031905141'),
(50,'Bellvue','CO','80512','3033156746'),
(51,'Bennett','CO','80102','3035861136'),
(52,'Bents Fort','CO','81050','3031804927'),
(53,'Bents Old Fort','CO','81050','3035017580'),
(54,'Berthoud','CO','80513','3034950304'),
(55,'Beshoar Junction','CO','81082','3034690290'),
(56,'Bessemer','CO','81004','3033698044'),
(57,'Bethune','CO','80805','3036027912'),
(58,'Beulah','CO','81023','3033042055'),
(59,'Big Bend','CO','81092','3038809331'),
(60,'Black Forest','CO','80106','3037110960'),
(61,'Black Hawk','CO','80422','3037955049'),
(62,'Blackhawk','CO','80403','3038053952'),
(63,'Blanca','CO','81123','3038804872'),
(64,'Blende','CO','81006','3036466694'),
(65,'Blue Mountain','CO','81610','3038685770'),
(66,'Blue River','CO','80424','3033950671'),
(67,'Bonanza City','CO','81155','3031601315'),
(68,'Boncarbo','CO','81024','3031914157'),
(69,'Bond','CO','80423','3031468188'),
(70,'Boone','CO','81025','3036296916'),
(71,'Boulder','CO','80301','3034607721'),
(72,'Boulder','CO','81140','3037413886'),
(73,'Boulder','CO','80818','3032273477'),
(74,'Bountiful','CO','80123','3034767205'),
(75,'Bovina','CO','81428','3034135764'),
(76,'Bow Mar','CO','80821','3039901210'),
(77,'Bowie','CO','81036','3039368134'),
(78,'Boyero','CO','81027','3036693375'),
(79,'Brandon','CO','80424','3035275375'),
(80,'Branson','CO','81326','3038168541'),
(81,'Breckenridge','CO','81226','3036703078'),
(82,'Breen','CO','80611','3031507810'),
(83,'Brewster','CO','80601','3038318416'),
(84,'Briggsdale','CO','81047','3038028787'),
(85,'Brighton','CO','81022','3036094877'),
(86,'Bristol','CO','81212','3037554430'),
(87,'Broadacre','CO','80020','3039831558'),
(88,'Brookside','CO','81640','3036728198'),
(89,'Broomfield','CO','80723','3031474051'),
(90,'Browns Park','CO','80011','3035081356'),
(91,'Brush','CO','80011','3037928615'),
(92,'Buckley AFB','CO','80011','3037686107'),
(93,'Buckley Air Force Base','CO','81212','3036817000'),
(94,'Buckley Air National Guard','CO','81211','3033967596'),
(95,'Buckskin Joe','CO','80425','3036176226'),
(96,'Buena Vista','CO','81641','3036116810'),
(97,'Buffalo Creek','CO','80807','3033042439'),
(98,'Buford','CO','80426','3035719308'),
(99,'Burlington','CO','80103','3034183742'),
(100,'Burns','CO','81044','3038598661');

INSERT INTO `user_vehicle` (`carId`, `userId`, `make`,`model`,`color`,`seats`) VALUES
(1,2,'Chevrolet','Cruze','Brown',4),
(2,3,'Toyota','Prius','Silver',8),
(3,6,'Chevrolet','Cruze Limited','Black',4),
(4,7,'Chevrolet','Sonic','Blue',8),
(5,10,'Chevrolet','Spark','Black',7),
(6,11,'Chevrolet','Spark EV','Black',8),
(7,15,'Toyota','RAV4','Red',8),
(8,16,'Chevrolet','Volt','Blue',6),
(9,17,'Buick','Verano','Red',7),
(10,18,'Kia','Sportage','Red',5),
(11,19,'Buick','Regal','Brown',5),
(12,22,'Cadillac','ATS Coupe','Black',5),
(13,24,'Cadillac','ATS Sedan','Blue',8),
(14,26,'Tesla','Model S','Red',8),
(15,28,'Cadillac','CTS Sedan','Blue',8),
(16,29,'Cadillac','CTS-V Sedan','Orange',5),
(17,30,'Cadillac','XTS Sedan','Black',4),
(18,37,'Cadillac','ELR','Black',6),
(19,39,'Chevrolet','Camaro','White',7),
(20,40,'Chevrolet','Corvette','White',8),
(21,43,'Chevrolet','SS Sedan','Silver',7),
(22,53,'Tesla','Roadster','Brown',6),
(23,54,'Tesla','Model X','Red',4),
(24,55,'Toyota','Camry','Blue',5),
(25,58,'Toyota','RAV4','White',8),
(26,59,'Toyota','Tundra','White',6),
(27,62,'Kia','Sorento','Red',5);

INSERT INTO `user_entry` (`postId`, `userId`, `title`,`text`,`eventDate`,`tags`,`price`) VALUES
(1,2,'Mac Miller at Red Rocks, CO','Going to Red Rocks, willing to charge less if food is purchased at event.','2016-10-31 18:00:00','Mac Miller, Red Rocks, CO,',15.00),
(2,15,'Three Dog Night at Aspen, CO','Not planning on staying the entire time. Can come if you pay for parking completely.','2016-11-03 20:00:00','Three Dog Night, Aspen, Small Car, Cheap,',20.00),
(3,19,'Broncos vs Pats, Den Co','Parking near stadium, however limited seats. Please contact me asap.','2016-12-18 14:25:00','Broncos, Patriots, NFL, Sports, Denver, CO,',35.00),
(4,6,'Led Zep Cover, Red Rocks, CO','Planning on staying ~1 hour longer than we get out (6-7 pm).','2016-11-24 19:30:00','Led Zeplin, Tribute, Cover, Red Rocks, CO,',40.00),
(5,29,'Safe In Sound Fes Broomfield, CO','Going with one other person. Only staying for half of the event. Will not drive farther than 5 miles to pickup.','2016-11-04 18:00:00','Festival, Broomfield, Safe In Sound, Small Fee,',25.00),
(6,37,'Amy Shumer, Bellco Theatre, CO','Will leave about 1 hour beforehand and am willing to pick you up if you live semi-near North Denver.','2016-11-05 19:00:00','Comedy, Amy Shumer, Denver, CO,',10.00),
(7,39,'Clay Walkers at Denver, CO','Limited seating. Requiring passengers to pay 2/3 of parking + gas. Flexible on time to leave after event (up to 90 mins after).','2016-11-04 20:00:00','Clay Walkers, Grizzly Rose, Friday, CO,',20.00),
(8,11,'GSW vs Denver Nuggets, CO','Planning on leaving 2 hours early. Must live near South Denver for to be picked up.','2016-11-10 19:00:00','Golden State Warriors, Denver Nuggets, CO, Sports, NBA,',35.00),
(9,11,'Snoop Dog in Loveland, CO','As the title says, Snoop Dog in Loveland. ~ 25 Miles South from event. If your on the way, Ill pick you for no extra cost, otherwise Im pretty negotiable.','2016-12-13 20:00:00','Snoop Dog, Loveland,',45.00),
(10,7,'Chainsmokers in Aspen, CO','Planning on leaving 40 minutes before and leaving 40 minutes after the concert finishes.','2017-01-27 22:00:00','Chainsmokers, Concert, Music, Aspen, CO,',25.00);